City_ID,City,Cloudiness,Country,Date,Humidity,Lat,Lng,Max Temp,Wind Speed
0,saskylakh,76,RU,1540091132,85,71.97,114.09,13.91,5.17
1,alghero,8,IT,1540090200,93,40.56,8.32,60.8,3.36
2,georgetown,75,GY,1540087200,100,6.8,-58.16,75.2,2.24
3,broome,0,GB,1540090560,100,52.47,1.45,50.0,5.82
4,tiksi,68,RU,1540091083,85,71.64,128.87,19.18,5.17
5,alice springs,0,AU,1540090800,13,-23.7,133.88,82.4,6.93
6,tuktoyaktuk,75,CA,1540087200,92,69.44,-133.03,21.2,8.05
7,ushuaia,90,AR,1540087200,75,-54.81,-68.31,41.0,20.8
8,loralai,0,PK,1540091675,35,30.37,68.6,39.11,3.15
9,barrow,56,AR,1540091676,60,-38.31,-60.23,57.38,10.2
10,deputatskiy,8,RU,1540091676,79,69.3,139.9,11.21,6.62
11,airai,20,TL,1540091249,51,-8.93,125.41,84.83,1.48
12,tromso,90,NO,1540090200,75,69.65,18.96,44.6,25.28
13,north myrtle beach,1,US,1540090560,88,33.83,-78.68,71.6,4.7
14,rikitea,68,PF,1540091677,100,-23.12,-134.97,75.56,10.54
15,kedrovyy,0,RU,1540089000,100,56.17,91.82,24.8,4.05
16,bredasdorp,36,ZA,1540087200,62,-34.53,20.04,57.2,14.99
17,poyarkovo,0,RU,1540091678,45,49.62,128.65,51.98,8.19
18,leninskoye,90,RU,1540089000,93,54.82,82.85,35.6,20.13
19,albany,90,US,1540090440,76,42.65,-73.75,48.2,6.93
20,saint george,20,GR,1540090200,87,39.45,22.34,57.2,2.24
21,butaritari,20,KI,1540091083,100,3.07,172.79,84.38,3.71
22,san patricio,44,PY,1540091245,71,-26.98,-56.83,72.5,5.73
23,toma,40,JP,1540087200,67,43.82,142.6,59.0,5.82
24,saint-philippe,75,CA,1540090500,73,45.36,-73.48,42.8,3.36
25,avarua,75,CK,1540087200,69,-21.21,-159.78,75.2,10.29
26,huilong,92,CN,1540091680,100,28.89,110.18,55.13,3.04
27,shache,32,CN,1540091681,66,38.42,77.24,40.15,3.04
28,nishihara,1,JP,1540090560,22,35.74,139.53,69.8,8.05
29,bethel,1,US,1540090380,86,60.79,-161.76,37.4,10.29
30,mataura,8,NZ,1540091086,72,-46.19,168.86,70.97,5.95
31,cape town,0,ZA,1540087200,58,-33.93,18.42,57.2,8.05
32,paredon,76,BO,1540091683,97,-18.93,-65.16,48.97,1.92
33,hermanus,20,ZA,1540090820,52,-34.42,19.24,56.17,10.87
34,tambovka,76,UA,1540091683,86,46.93,35.45,49.15,2.93
35,cabo san lucas,5,MX,1540086540,83,22.89,-109.91,78.8,8.19
36,college,90,US,1540090680,93,64.86,-147.8,35.6,3.36
37,srednekolymsk,32,RU,1540091684,76,67.46,153.71,15.08,3.15
38,kapaa,40,US,1540086960,61,22.08,-159.32,86.0,16.11
39,jamestown,0,AU,1540091685,38,-33.21,138.6,71.42,6.62
40,pindi gheb,0,PK,1540091685,65,33.24,72.27,62.83,3.27
41,numan,0,NG,1540091685,77,9.46,12.04,72.41,2.71
42,pisco,0,PE,1540087200,77,-13.71,-76.2,64.4,3.36
43,hami,20,CN,1540091154,55,42.84,93.51,42.22,4.16
44,yulara,0,AU,1540087200,14,-25.24,130.99,82.4,9.17
45,qaanaaq,20,GL,1540091686,100,77.48,-69.36,2.62,14.23
46,nago,20,IT,1540090500,65,45.88,10.89,55.4,4.7
47,lusambo,48,CD,1540091688,96,-4.97,23.44,71.06,1.59
48,pavlodar,90,KZ,1540089000,76,52.28,76.96,48.2,20.13
49,pervomayskiy,0,RU,1540091690,91,53.24,40.29,33.13,7.96
50,avera,1,US,1540089300,77,33.19,-82.53,66.2,9.17
51,khatanga,56,RU,1540091692,80,71.98,102.47,4.1,7.96
52,upernavik,68,GL,1540091692,100,72.79,-56.15,23.5,12.77
53,hilo,75,US,1540086960,83,19.71,-155.08,75.2,11.21
54,chuy,8,UY,1540091427,93,-33.69,-53.46,52.3,6.85
55,provideniya,0,RU,1540091115,100,64.42,-173.23,38.39,10.65
56,punta arenas,0,CL,1540087200,65,-53.16,-70.91,44.6,19.46
57,hofn,0,IS,1540091694,98,64.25,-15.21,43.34,42.52
58,conceicao do araguaia,8,BR,1540091627,95,-8.26,-49.26,75.07,2.93
59,comodoro rivadavia,0,AR,1540087200,54,-45.87,-67.48,53.6,5.82
60,hobart,20,AU,1540089000,48,-42.88,147.33,60.8,11.41
61,carnarvon,36,ZA,1540090861,34,-30.97,22.13,45.32,18.48
62,lorengau,36,PG,1540091163,100,-2.02,147.27,79.93,4.61
63,lasa,0,CY,1540090800,77,34.92,32.53,68.0,6.93
64,pevek,88,RU,1540091096,100,69.7,170.27,26.42,8.63
65,jalu,0,LY,1540091225,95,29.03,21.55,67.37,9.75
66,kaitangata,8,NZ,1540090891,72,-46.28,169.85,69.58,5.17
67,plettenberg bay,0,ZA,1540091696,100,-34.05,23.37,58.1,19.6
68,melville,75,CA,1540087200,40,50.93,-102.81,37.4,11.41
69,narsaq,0,GL,1540090200,52,60.91,-46.05,19.4,6.93
70,abancay,48,PE,1540091697,100,-13.64,-72.88,43.25,1.92
71,goundam,68,ML,1540091697,35,16.42,-3.66,79.79,8.19
72,naryan-mar,0,RU,1540091698,99,67.67,53.09,18.55,3.94
73,cabedelo,75,BR,1540087200,83,-6.97,-34.84,75.2,2.24
74,chester,75,GB,1540090200,93,53.19,-2.89,50.0,3.36
75,atuona,76,PF,1540091699,100,-9.8,-139.03,78.17,16.8
76,mahebourg,40,MU,1540087200,88,-20.41,57.7,71.6,2.24
77,banda aceh,32,ID,1540091699,81,5.56,95.32,82.18,3.15
78,dingle,20,PH,1540091700,78,11.0,122.67,85.1,10.42
79,ponta do sol,8,BR,1540091265,68,-20.63,-46.0,61.88,10.2
80,cherskiy,68,RU,1540091191,89,68.75,161.3,13.15,4.83
81,longyearbyen,40,NO,1540086600,99,78.22,15.63,41.0,19.46
82,santa fe,88,AR,1540091539,48,-31.62,-60.7,67.01,10.98
83,bilibino,80,RU,1540091703,73,68.06,166.44,11.48,3.15
84,kiunga,12,PG,1540091704,80,-6.12,141.3,83.03,2.82
85,meulaboh,8,ID,1540091704,100,4.14,96.13,82.13,3.38
86,vaini,8,IN,1540091705,68,15.34,74.49,75.47,3.38
87,cayenne,0,GF,1540089000,94,4.94,-52.33,77.0,3.36
88,rapid valley,1,US,1540090560,54,44.06,-103.15,60.8,10.29
89,thompson,90,CA,1540090800,63,55.74,-97.86,28.4,8.05
90,falkenberg,75,DE,1540090800,75,49.86,12.22,44.6,2.24
91,bluff,0,AU,1540091707,40,-23.58,149.07,91.67,6.96
92,yellowknife,90,CA,1540090800,82,62.45,-114.38,35.6,12.75
93,tandil,88,AR,1540091708,61,-37.33,-59.14,55.67,12.1
94,udachnyy,88,RU,1540091198,81,66.42,112.4,30.47,4.94
95,marawi,56,PH,1540091709,88,8.0,124.29,77.27,2.26
96,haren,90,NL,1540090500,87,53.17,6.61,53.6,5.82
97,maumere,0,ID,1540091709,91,-8.63,122.22,85.78,6.06
98,samarai,80,PG,1540091142,100,-10.62,150.67,80.69,11.88
99,mindelheim,90,DE,1540090200,100,48.05,10.49,39.2,4.05
100,tongliao,0,CN,1540091710,44,43.61,122.27,58.01,8.75
101,tommot,64,RU,1540091710,71,58.97,126.27,26.87,3.38
102,hasaki,20,JP,1540089000,49,35.73,140.83,68.0,13.87
103,castro,92,CL,1540091711,97,-42.48,-73.76,47.48,8.75
104,verkhnevilyuysk,68,RU,1540091712,80,63.45,120.31,30.07,5.61
105,new norfolk,20,AU,1540089000,48,-42.78,147.06,60.8,11.41
106,namie,20,JP,1540087200,51,37.52,140.86,66.2,11.41
107,merauke,20,ID,1540091713,74,-8.49,140.4,88.16,8.75
108,coahuayana,44,MX,1540091713,93,18.62,-100.35,66.43,2.71
109,havoysund,80,NO,1540090200,100,71.0,24.66,42.8,18.34
110,santana do livramento,24,BR,1540091714,63,-30.89,-55.53,61.34,14.79
111,busselton,92,AU,1540091714,100,-33.64,115.35,61.75,23.62
112,mizdah,56,LY,1540091715,91,31.45,12.98,56.21,2.82
113,arraial do cabo,12,BR,1540090878,96,-22.97,-42.02,68.72,9.19
114,aklavik,90,CA,1540091340,92,68.22,-135.01,23.0,6.93
115,hithadhoo,44,MV,1540091715,100,-0.6,73.08,80.51,6.62
116,bloemhof,0,ZA,1540091716,94,-27.65,25.61,48.29,6.85
117,luderitz,48,NA,1540087200,93,-26.65,15.16,57.2,4.7
118,xai-xai,92,MZ,1540091716,100,-25.04,33.64,66.25,24.4
119,sovetskiy,88,RU,1540091717,87,56.76,48.47,36.86,6.29
120,kota belud,75,MY,1540090800,74,6.35,116.43,86.0,5.82
121,caxito,68,BR,1540091718,81,-22.65,-42.51,65.17,3.38
122,ostrovnoy,56,RU,1540091175,99,68.05,39.51,30.07,9.75
123,sept-iles,75,CA,1540087200,86,50.2,-66.38,39.2,14.99
124,clemson,1,US,1540090560,62,34.69,-82.84,60.8,12.75
125,dikson,48,RU,1540091147,100,73.51,80.55,26.78,7.63
126,chokurdakh,0,RU,1540091237,81,70.62,147.9,13.78,11.99
127,balikpapan,80,ID,1540091719,100,-1.24,116.86,79.97,6.17
128,bredy,32,RU,1540091720,92,52.43,60.33,38.98,8.75
129,puerto carreno,32,CO,1540091720,97,6.19,-67.49,70.88,2.15
130,san ignacio,0,CL,1540087200,81,-36.8,-72.03,48.2,5.82
131,port hedland,0,AU,1540089000,21,-20.31,118.58,95.0,11.41
132,kavieng,12,PG,1540091157,100,-2.57,150.8,82.49,4.61
133,padang,8,ID,1540091224,100,-0.92,100.36,82.58,2.71
134,turceni,68,RO,1540090800,93,44.68,23.37,44.6,2.82
135,margate,20,AU,1540089000,48,-43.03,147.26,60.8,11.41
136,san carlos de bariloche,40,AR,1540087200,75,-41.13,-71.31,42.8,10.29
137,emmett,1,US,1540090380,57,43.87,-116.5,62.6,5.82
138,nanortalik,36,GL,1540090971,89,60.14,-45.24,33.71,25.52
139,faya,40,SA,1540087200,87,18.39,42.45,59.0,2.71
140,saint-pierre,20,FR,1540089000,93,48.95,4.24,41.0,8.05
141,kodiak,1,US,1540090380,69,39.95,-94.76,37.4,5.82
142,kattivakkam,75,IN,1540090800,94,13.22,80.32,80.6,8.19
143,kruisfontein,44,ZA,1540091177,85,-34.0,24.73,57.74,11.99
144,atasu,12,KZ,1540091724,83,48.68,71.64,32.5,14.56
145,lebu,20,ET,1540087200,76,8.96,38.73,53.6,4.7
146,hamilton,75,BM,1540086900,69,32.3,-64.78,75.2,12.75
147,victoria,75,BN,1540090800,88,5.28,115.24,80.6,3.36
148,kirakira,92,SB,1540091726,100,-10.46,161.92,81.32,7.18
149,itarema,12,BR,1540091588,94,-2.92,-39.92,74.66,9.31
150,keflavik,75,IS,1540089000,100,64.0,-22.56,41.0,41.38
151,auki,0,NG,1540091727,39,12.18,6.51,64.76,7.96
152,sitka,0,US,1540091727,54,37.17,-99.65,52.25,10.2
153,kidal,24,ML,1540091728,31,18.44,1.41,74.98,2.59
154,reading,90,US,1540090560,87,40.34,-75.93,48.2,4.7
155,ribeira grande,88,PT,1540091728,100,38.52,-28.7,68.36,17.81
156,bozeman,1,US,1540090380,77,45.68,-111.04,55.4,14.99
157,gaogou,56,CN,1540091729,78,31.12,117.94,68.23,12.21
158,petropavlovsk-kamchatskiy,68,RU,1540089000,36,53.05,158.65,48.2,2.24
159,ovalle,0,CL,1540091730,85,-30.6,-71.2,50.23,3.38
160,yerbogachen,88,RU,1540091730,85,61.28,108.01,28.31,3.71
161,taltal,36,CL,1540091730,96,-25.41,-70.49,52.3,1.14
162,lavrentiya,64,RU,1540091199,100,65.58,-170.99,40.46,15.46
163,berdigestyakh,0,RU,1540091247,81,62.1,126.7,27.82,3.71
164,tiznit,56,MA,1540091185,94,29.7,-9.73,60.44,7.96
165,sao marcos,0,BR,1540091731,93,-28.97,-51.07,49.28,5.5
166,inta,12,RU,1540091731,83,66.04,60.13,14.77,2.37
167,puerto ayora,12,EC,1540091732,100,-0.74,-90.35,70.12,14.45
168,mecca,20,SA,1540091234,92,21.43,39.83,67.01,3.94
169,port alfred,68,ZA,1540091732,92,-33.59,26.89,59.5,7.18
170,vardo,90,US,1540090500,81,39.62,-77.74,51.8,5.82
171,sibolga,48,ID,1540091733,87,1.74,98.78,76.87,1.36
172,general pico,100,AR,1540091733,92,-35.66,-63.75,59.45,13.44
173,ilulissat,48,GL,1540090200,61,69.22,-51.1,17.6,19.46
174,dustlik,0,UZ,1540091734,80,40.53,68.03,40.19,5.95
175,byron bay,92,AU,1540089000,61,-28.65,153.62,78.8,12.75
176,leningradskiy,88,RU,1540091735,100,69.38,178.42,28.22,13.56
177,baneh,0,IR,1540087200,87,35.99,45.88,51.8,5.82
178,rocha,12,UY,1540091735,93,-34.48,-54.34,48.52,6.17
179,sao miguel do araguaia,8,BR,1540091686,90,-13.28,-50.16,75.07,1.14
180,novopokrovka,0,RU,1540091736,48,45.85,134.51,56.98,3.27
181,la ronge,20,CA,1540087200,64,55.1,-105.3,33.8,5.82
182,gaffney,1,US,1540090500,54,35.07,-81.65,60.8,7.85
183,quelimane,92,MZ,1540091737,65,-17.88,36.89,74.17,13.22
184,esperance,40,TT,1540087200,88,10.24,-61.45,78.8,5.82
185,zhigalovo,88,RU,1540091738,75,54.81,105.15,30.02,3.04
186,praia da vitoria,75,PT,1540090800,93,38.73,-27.07,66.2,21.83
187,port blair,68,IN,1540091739,100,11.67,92.75,82.27,3.94
188,kushima,20,JP,1540087200,52,31.5,131.29,68.0,4.7
189,lompoc,1,US,1540089300,52,34.64,-120.46,71.6,5.82
190,solon,90,US,1540090560,93,41.39,-81.44,44.6,14.99
191,san borja,20,BO,1540091740,91,-14.86,-66.75,73.0,2.71
192,lensk,68,RU,1540091741,74,60.71,114.91,28.72,3.38
193,boca do acre,68,BR,1540091741,87,-8.76,-67.39,77.99,2.93
194,coihaique,0,CL,1540087200,81,-45.58,-72.07,42.8,5.82
195,pangnirtung,32,CA,1540091741,100,66.15,-65.72,16.12,4.72
196,alpena,90,US,1540089300,59,45.06,-83.43,35.6,17.22
197,port elizabeth,90,US,1540090500,87,39.31,-74.98,57.2,6.93
198,ugoofaaru,8,MV,1540091742,100,5.67,73.0,82.49,2.93
199,marystown,92,CA,1540091743,90,47.17,-55.16,54.68,37.04
200,nizhniy kuranakh,76,RU,1540091743,68,58.84,125.49,27.14,3.49
201,dekar,0,BW,1540091743,46,-21.53,21.93,69.13,19.82
202,tuatapere,8,NZ,1540091197,68,-46.13,167.69,63.14,7.63
203,praya,75,ID,1540090800,62,-8.71,116.27,86.0,10.29
204,ixtapa,90,MX,1540086360,100,20.71,-105.21,82.4,3.36
205,iqaluit,90,CA,1540087200,92,63.75,-68.52,15.8,9.17
206,vilhena,56,BR,1540091577,95,-12.74,-60.15,72.55,3.04
207,miquelon,75,PM,1540087200,87,47.1,-56.38,53.6,33.33
208,torbay,90,CA,1540087200,87,47.66,-52.73,50.0,25.28
209,ancud,88,CL,1540091746,86,-41.87,-73.83,49.6,10.42
210,charters towers,0,AU,1540091746,66,-20.07,146.27,86.72,5.95
211,yeppoon,75,AU,1540089000,38,-23.13,150.74,87.8,4.7
212,rawson,0,AR,1540091199,78,-43.3,-65.11,55.27,15.79
213,maldonado,40,UY,1540087200,87,-34.91,-54.96,53.6,5.82
214,lata,0,IN,1540091748,60,30.78,78.62,47.17,2.15
215,jumla,0,NP,1540091250,80,29.28,82.18,33.35,2.15
216,taoudenni,48,ML,1540091183,55,22.68,-3.98,73.45,6.4
217,skelleftea,92,SE,1540090200,93,64.75,20.95,39.2,8.05
218,anloga,20,GH,1540087200,88,5.79,0.9,80.6,4.7
219,lagoa,20,PT,1540090800,93,37.14,-8.45,62.6,10.29
220,rossland,5,CA,1540090800,81,49.08,-117.8,46.4,5.82
221,baft,0,IR,1540091751,80,29.23,56.61,34.7,1.81
222,tautira,20,PF,1540089000,66,-17.73,-149.15,84.2,13.87
223,matara,76,PE,1540091752,95,-13.74,-72.9,42.62,1.48
224,kahului,40,US,1540086960,54,20.89,-156.47,84.2,14.99
225,ponta delgada,40,PT,1540090800,88,37.73,-25.67,66.2,14.99
226,xiongzhou,0,CN,1540087200,63,32.34,118.83,66.2,13.42
227,hovd,75,NO,1540090200,100,63.83,10.7,53.6,8.05
228,verkhnetulomskiy,40,RU,1540089000,95,68.61,31.8,35.6,6.71
229,wanning,75,AT,1540090200,70,48.64,13.53,48.2,5.82
230,mount gambier,80,AU,1540091577,75,-37.83,140.78,62.92,4.61
231,parrita,20,CR,1540087200,83,9.52,-84.33,69.8,6.93
232,bathsheba,75,BB,1540087200,83,13.22,-59.52,80.6,17.22
233,hoa binh,20,VN,1540089000,74,20.81,105.34,84.2,3.36
234,nikolskoye,20,RU,1540089000,93,59.7,30.79,41.0,2.24
235,quatre cocos,40,MU,1540087200,88,-20.21,57.76,71.6,2.24
236,correntina,88,BR,1540091756,98,-13.34,-44.63,67.91,7.4
237,sao filipe,48,CV,1540091181,95,14.9,-24.5,80.02,10.2
238,kununurra,0,AU,1540089000,55,-15.77,128.74,91.4,6.93
239,chateaubelair,75,VC,1540087200,83,13.28,-61.25,78.8,16.11
240,kavaratti,44,IN,1540091757,100,10.57,72.64,82.9,1.48
241,egvekinot,48,RU,1540091757,81,66.32,-179.17,19.58,2.71
242,port augusta,0,AU,1540087200,24,-32.49,137.76,78.8,6.93
243,matamoros,90,US,1540090380,94,25.87,-97.51,71.6,9.17
244,havre-saint-pierre,75,CA,1540087200,93,50.23,-63.6,44.6,13.87
245,mudu,12,CN,1540091758,64,31.26,120.51,71.6,9.19
246,ploemeur,0,FR,1540090800,87,47.73,-3.43,46.4,8.05
247,ahuimanu,40,US,1540087020,69,21.44,-157.84,86.0,8.05
248,trofors,92,NO,1540090200,100,65.54,13.39,50.0,20.8
249,innisfail,20,CA,1540090800,71,52.02,-113.95,41.0,5.82
250,north bend,1,US,1540090560,87,43.41,-124.22,51.8,8.05
251,iberia,92,PE,1540091760,86,-11.41,-69.49,74.66,2.37
252,gazanjyk,0,TM,1540091760,81,39.24,55.52,36.23,2.93
253,pacific grove,1,US,1540089300,52,36.62,-121.92,64.4,6.93
254,dongsheng,100,CN,1540091761,100,29.72,112.52,58.6,11.21
255,tura,0,IN,1540091761,84,25.52,90.21,77.36,3.71
256,mossendjo,100,CG,1540091762,98,-2.95,12.72,72.37,2.59
257,kerema,64,PG,1540091762,92,-7.96,145.78,77.9,2.93
258,chihuahua,90,MX,1540086480,100,28.66,-106.08,57.2,3.36
259,timizart,0,DZ,1540091250,95,36.8,4.25,51.17,2.26
260,shahdadkot,0,PK,1540091763,38,27.85,67.91,68.18,8.63
261,huntsville,1,US,1540090680,82,34.73,-86.59,57.2,6.93
262,henties bay,88,NA,1540091763,100,-22.12,14.28,57.47,4.61
263,nouadhibou,100,MR,1540087200,77,20.93,-17.03,69.8,12.75
264,madanapalle,0,IN,1540091764,66,13.56,78.5,75.88,3.38
265,morgan city,75,US,1540089300,100,29.7,-91.21,73.4,5.82
266,viedma,92,AR,1540091193,85,-40.81,-62.99,55.22,10.31
267,talnakh,92,RU,1540091231,100,69.49,88.39,24.08,2.93
268,halifax,90,CA,1540090800,100,44.65,-63.58,53.6,9.17
269,strelka,68,RU,1540091765,96,58.08,93.03,32.45,5.61
270,miri,0,NG,1540091765,68,10.31,9.75,64.49,2.71
271,salym,92,RU,1540091470,98,60.06,71.48,31.82,5.5
272,malartic,90,CA,1540089540,92,48.14,-78.13,28.4,14.99
273,klaksvik,68,FO,1540090200,81,62.23,-6.59,44.6,20.8
274,mar del plata,36,AR,1540091766,44,-46.43,-67.52,53.69,12.55
275,eureka,90,US,1540089300,100,40.8,-124.16,48.2,3.36
276,aksu,90,KZ,1540089000,76,52.04,76.93,48.2,20.13
277,salalah,0,OM,1540086600,78,17.01,54.1,71.6,2.24
278,hambantota,0,LK,1540091264,100,6.12,81.12,81.77,8.86
279,petropavlovka,88,RU,1540091768,86,50.61,105.32,32.5,4.38
280,geraldton,75,CA,1540091280,74,49.72,-86.95,28.4,5.82
281,soke,56,ML,1540091768,85,13.6,-5.94,74.84,2.93
282,togul,92,RU,1540091769,75,53.47,85.91,34.79,10.98
283,port-gentil,76,GA,1540091769,99,-0.72,8.78,78.4,10.09
284,gravdal,92,NO,1540090200,93,59.79,5.78,53.6,13.87
285,kempsey,92,AU,1540091769,100,-31.08,152.84,64.76,7.63
286,providencia,80,CO,1540091770,98,1.24,-77.6,54.14,0.92
287,frontignan,0,FR,1540090800,82,43.45,3.75,57.2,6.93
288,yangambi,8,CD,1540091771,97,0.77,24.47,72.5,2.71
289,matagami,0,NG,1540091771,72,9.67,8.4,61.88,3.6
290,tabas,56,IR,1540091771,41,33.6,56.92,45.59,2.59
291,banjar,20,ID,1540091771,51,-7.37,108.54,85.64,3.6
292,antofagasta,90,CL,1540087200,72,-23.65,-70.4,59.0,11.41
293,dera bugti,0,PK,1540091772,61,29.03,69.15,65.3,3.83
294,ouesso,24,CG,1540091772,97,1.61,16.05,71.96,3.38
295,ahipara,20,NZ,1540091238,63,-35.17,173.16,68.0,6.73
296,dali,0,CN,1540091773,75,25.6,100.24,63.37,2.04
297,camacha,40,PT,1540090800,88,33.08,-16.33,64.4,3.36
298,aguie,0,NE,1540091774,36,13.51,7.78,64.85,7.52
299,maniwaki,12,CA,1540091774,76,46.38,-75.98,34.12,7.96
300,bolu,92,TR,1540091774,100,40.73,31.61,48.29,2.37
301,honiara,75,SB,1540090800,66,-9.43,159.96,86.0,5.82
302,adrar,0,DZ,1540090800,27,27.87,-0.29,73.4,5.82
303,ambunti,12,PG,1540091775,72,-4.22,142.82,86.81,3.15
304,norman wells,75,CA,1540090800,92,65.28,-126.83,28.4,8.05
305,port keats,0,AU,1540091776,72,-14.25,129.55,91.49,9.19
306,chapais,90,CA,1540088400,86,49.78,-74.86,26.6,12.75
307,vila velha,40,BR,1540090800,74,-3.71,-38.6,80.6,8.05
308,calama,0,CL,1540087200,18,-22.46,-68.93,53.6,4.7
309,east london,76,ZA,1540091776,100,-33.02,27.91,61.61,9.08
310,gobabis,92,NA,1540087200,17,-22.45,18.97,82.4,3.36
311,westport,92,IE,1540091514,98,53.8,-9.52,56.21,14.12
312,souillac,0,FR,1540090800,87,45.6,-0.6,53.6,5.82
313,santona,0,ES,1540090800,100,43.44,-3.46,55.4,2.24
314,baijiantan,92,CN,1540091778,92,45.63,85.18,40.87,3.6
315,cap-aux-meules,90,CA,1540087200,93,47.38,-61.86,51.8,11.41
316,afrikanda,68,RU,1540091779,91,67.44,32.78,29.48,2.15
317,broken hill,0,AU,1540091779,47,-31.97,141.45,71.51,4.61
318,sokur,90,RU,1540089000,93,55.21,83.32,35.6,20.13
319,lagunas,76,PE,1540091780,95,-5.23,-75.68,75.11,2.15
320,kirksville,1,US,1540089300,56,40.19,-92.58,35.6,6.96
321,koungheul,56,SN,1540091780,80,13.98,-14.8,80.06,2.82
322,bambous virieux,40,MU,1540087200,88,-20.34,57.76,71.6,2.24
323,mattawa,90,CA,1540089480,74,46.32,-78.7,30.2,19.46
324,pyaozerskiy,24,RU,1540091781,100,65.83,31.17,34.34,7.18
325,kieta,36,PG,1540091782,96,-6.22,155.63,82.58,5.95
326,aquiraz,40,BR,1540090800,74,-3.9,-38.39,80.6,8.05
327,road town,1,VG,1540086780,74,18.42,-64.62,80.6,9.17
328,mogzon,36,RU,1540091782,75,51.74,111.97,32.99,4.38
329,onega,56,RU,1540091783,100,63.91,38.09,40.87,13.22
330,touros,56,BR,1540091568,86,-5.2,-35.46,78.08,8.41
331,ekhabi,76,RU,1540091783,79,53.51,142.97,41.0,15.35
332,balkhash,12,KZ,1540091784,100,46.84,74.98,40.87,8.97
333,ampanihy,68,MG,1540091784,90,-24.69,44.75,56.21,3.6
334,belle fourche,1,US,1540090500,31,44.67,-103.85,60.8,9.17
335,melilla,20,EC,1540087200,88,-0.8,-80.23,71.6,14.99
336,galle,1,US,1540090560,82,29.74,-97.91,64.4,5.82
337,lerwick,100,GB,1540090200,81,60.15,-1.15,50.0,24.16
338,svetlogorsk,75,RU,1540089000,88,53.14,59.15,41.0,6.71
339,dryden,90,CA,1540087200,58,49.79,-92.84,30.2,3.36
340,manokwari,56,ID,1540091786,100,-0.87,134.08,82.31,8.3
341,kupang,0,ID,1540091787,72,-10.16,123.6,87.85,4.94
342,ojinaga,92,US,1540091787,96,29.56,-104.41,54.82,7.85
343,wenling,56,CN,1540091787,94,28.38,121.38,68.9,9.42
344,sola,90,NO,1540090200,93,58.89,5.65,53.6,12.75
345,dakar,100,SN,1540091773,97,14.69,-17.45,80.51,20.04
346,gat,76,SN,1540091788,66,14.69,-16.54,81.41,12.44
347,namibe,32,AO,1540091214,100,-15.19,12.15,70.25,8.19
348,evensk,0,RU,1540091789,100,61.92,159.24,35.38,3.71
349,naze,76,NG,1540091249,94,5.43,7.07,74.75,6.73
350,rusape,12,ZW,1540091789,86,-18.53,32.12,55.0,10.65
351,dullewala,0,PK,1540091790,75,31.84,71.44,64.63,4.05
352,inhambane,0,MZ,1540091265,95,-23.87,35.38,68.18,19.6
353,codrington,64,AU,1540091790,82,-28.95,153.24,72.95,3.27
354,port hardy,75,CA,1540090800,93,50.7,-127.42,44.6,3.36
355,andros town,20,BS,1540087200,88,24.73,-77.79,77.0,4.94
356,ziniare,0,BF,1540087200,74,12.58,-1.3,78.8,2.93
357,makakilo city,1,US,1540087020,48,21.35,-158.09,86.0,6.93
358,gornopravdinsk,92,RU,1540091792,99,60.06,69.92,31.55,6.62
359,bud,90,NO,1540090200,93,62.91,6.91,51.8,17.22
360,sao joao da barra,92,BR,1540091792,100,-21.64,-41.05,71.06,14.56
361,nemuro,20,JP,1540087200,48,43.32,145.57,60.8,9.17
362,mpanda,64,TZ,1540091793,95,-6.34,31.07,61.88,2.71
363,richards bay,80,ZA,1540091793,91,-28.77,32.06,57.56,18.48
364,port lincoln,0,AU,1540091794,74,-34.72,135.86,68.0,11.99
365,paita,20,PE,1540091794,80,-5.09,-81.11,67.33,7.63
366,komsomolskiy,68,RU,1540091795,94,67.55,63.78,18.28,8.63
367,raudeberg,100,NO,1540088400,100,61.99,5.14,51.8,18.34
368,otavalo,64,EC,1540091796,87,0.23,-78.26,47.57,1.92
369,grand-lahou,12,CI,1540091796,97,5.24,-5.0,73.9,3.04
370,kulhudhuffushi,92,MV,1540091796,100,6.62,73.07,82.63,2.93
371,la plata,75,AR,1540087200,100,-34.92,-57.95,62.6,4.7
372,muzhi,80,RU,1540091797,91,65.4,64.7,28.76,13.0
373,annau,0,TM,1540087200,75,37.89,58.52,46.4,6.93
374,albury,0,AU,1540090800,37,-36.08,146.92,68.0,5.82
375,kondinskoye,88,RU,1540091798,97,59.65,67.41,30.92,9.08
376,flinders,75,AU,1540087200,55,-34.58,150.85,66.2,10.29
377,molteno,32,ZA,1540091799,90,-31.4,26.36,28.49,5.17
378,tadine,32,NC,1540091800,92,-21.55,167.88,76.33,18.37
379,husavik,92,CA,1540091800,82,50.56,-96.99,33.44,10.09
380,northam,0,GB,1540086600,93,51.04,-4.21,46.4,1.12
381,borazjan,0,IR,1540087200,69,29.27,51.21,78.8,2.24
382,west lorne,40,CA,1540090800,100,42.6,-81.61,37.4,10.29
383,fortuna,40,ES,1540090800,83,38.18,-1.13,71.6,19.46
384,kharan,0,PK,1540091801,54,28.58,65.42,51.8,2.37
385,lima,36,PE,1540091082,77,-12.06,-77.04,52.12,1.36
386,flin flon,100,CA,1540091802,80,54.77,-101.88,36.5,10.42
387,am timan,0,TD,1540091216,59,11.04,20.28,67.1,2.93
388,gorontalo,44,ID,1540091803,78,0.54,123.06,82.76,2.59
389,west wendover,1,US,1540090560,50,40.74,-114.07,51.8,2.04
390,lovozero,76,RU,1540091803,100,68.01,35.02,28.72,3.15
391,carbonia,0,IT,1540090200,93,39.17,8.53,62.6,3.36
392,khandyga,56,RU,1540091804,73,62.65,135.58,20.48,3.27
393,benguela,0,AO,1540091804,100,-12.58,13.4,72.14,1.7
394,oistins,75,BB,1540087200,83,13.07,-59.53,80.6,17.22
395,ajaccio,0,FR,1540090800,93,41.93,8.74,64.4,5.82
396,cairns,20,AU,1540090800,62,-16.92,145.77,84.2,10.29
397,waipawa,0,NZ,1540091805,44,-39.94,176.59,70.43,6.62
398,tocache,20,PE,1540091805,88,-8.19,-76.51,57.88,1.92
399,kanniyakumari,68,IN,1540091806,100,8.08,77.57,78.89,6.51
400,colares,20,PT,1540090800,87,38.8,-9.45,60.8,8.05
401,san policarpo,56,PH,1540091806,94,12.18,125.51,83.53,5.28
402,walvis bay,76,NA,1540087200,87,-22.95,14.51,57.2,4.7
403,svetlaya,0,RU,1540091209,100,46.54,138.33,50.27,6.62
404,davila,20,PH,1540087200,52,18.47,120.58,89.6,4.7
405,yamada,20,JP,1540087200,55,36.58,137.08,68.0,4.7
406,dayong,64,PH,1540091808,100,11.74,122.04,83.17,17.69
407,guerrero negro,0,MX,1540091808,78,27.97,-114.04,67.19,7.18
408,kitui,80,KE,1540091809,97,-1.37,38.02,62.02,4.38
409,codajas,24,BR,1540091545,88,-3.84,-62.06,78.53,2.93
410,honningsvag,56,NO,1540091810,100,70.98,25.97,32.68,12.33
411,sayyan,0,YE,1540091810,80,15.17,44.32,40.78,1.36
412,cheney,1,US,1540090680,53,47.49,-117.58,53.6,2.71
413,cravo norte,56,CO,1540091811,92,6.3,-70.2,76.91,8.19
414,khasan,12,RU,1540091811,75,42.43,130.64,62.33,6.17
415,dunda,0,IN,1540091259,60,30.62,78.32,47.17,2.15
416,kinkala,75,CG,1540087200,78,-4.35,14.75,78.8,6.93
417,kabalo,8,CD,1540091812,90,-6.05,26.92,68.63,5.95
418,ukiah,1,US,1540090560,42,39.15,-123.21,66.2,2.15
419,garbolovo,20,RU,1540089000,93,60.34,30.5,41.0,2.24
420,tateyama,20,JP,1540087200,55,36.66,137.31,64.4,4.7
421,belaya gora,44,RU,1540091813,83,68.54,146.19,9.77,6.17
422,kerewan,0,GM,1540087200,88,13.49,-16.09,78.8,3.36
423,harper,1,US,1540090500,72,30.3,-99.24,62.6,9.17
424,mittagong,75,AU,1540087200,55,-34.45,150.45,66.2,10.29
425,kloulklubed,75,PW,1540086600,83,7.04,134.26,82.4,6.93
426,bagnols-sur-ceze,0,FR,1540090800,72,44.16,4.62,59.0,12.75
427,barabinsk,92,RU,1540091814,97,55.35,78.35,42.98,16.02
428,dunedin,8,NZ,1540091815,59,-45.87,170.5,69.26,4.5
429,clyde river,90,CA,1540091460,92,70.47,-68.59,12.2,6.93
430,sawtell,75,AU,1540089000,78,-30.38,153.1,71.6,8.05
431,lazaro cardenas,90,MX,1540086480,100,28.39,-105.62,57.2,3.36
432,anchorage,90,US,1540090560,70,61.22,-149.89,48.2,5.82
433,omboue,64,GA,1540091816,100,-1.57,9.26,79.07,12.66
434,zimovniki,68,RU,1540091813,89,47.15,42.46,49.6,3.6
435,sorland,8,NO,1540091817,100,67.67,12.69,50.09,37.04
436,bonavista,92,CA,1540091817,78,48.65,-53.11,54.23,35.37
437,san francisco,20,US,1540090680,87,37.78,-122.42,66.2,19.46
438,orsha,0,BY,1540091818,75,54.51,30.43,27.14,2.93
439,maniitsoq,76,GL,1540091819,100,65.42,-52.9,18.41,8.75
440,baruun-urt,20,MN,1540091819,56,46.68,113.28,45.68,13.78
441,arlit,0,NE,1540091820,29,18.74,7.39,68.81,2.93
442,derzhavinsk,32,KZ,1540091820,62,51.1,66.31,40.82,16.13
443,oktyabrskoye,92,RU,1540091821,77,56.73,85.44,33.67,9.64
444,severo-kurilsk,76,RU,1540091821,97,50.68,156.12,42.71,5.06
445,roma,0,IT,1540090200,93,41.89,12.48,62.6,2.24
446,waraseoni,56,IN,1540091822,71,21.76,80.05,78.62,4.61
447,guanare,100,VE,1540091822,94,9.04,-69.74,73.72,4.16
448,muisne,88,EC,1540091822,86,0.61,-80.02,72.14,6.73
449,nagapattinam,32,IN,1540091677,89,10.76,79.84,80.42,5.73
450,granja,0,BR,1540091823,88,-3.12,-40.83,75.88,10.98
451,bara,0,NG,1540091824,61,10.41,10.6,68.45,2.71
452,fukuma,20,JP,1540089000,45,33.77,130.47,68.0,6.93
453,ilinskiy,75,RU,1540089000,70,55.62,38.12,42.8,4.47
454,taseyevo,12,RU,1540091825,86,57.22,94.9,31.55,2.93
455,bintulu,75,MY,1540090800,83,3.17,113.03,82.4,4.7
456,hurup,76,DK,1540090200,100,56.75,8.42,50.0,6.93
457,williams lake,40,CA,1540090800,52,52.13,-122.14,46.4,3.36
458,mwinilunga,64,ZM,1540091827,98,-11.73,24.43,61.7,5.39
459,saquena,48,PE,1540091827,89,-4.67,-73.52,80.65,2.37
460,challans,0,FR,1540090800,81,46.85,-1.88,50.0,8.05
461,merritt island,90,US,1540090620,94,28.54,-80.67,80.6,7.4
462,vila franca do campo,40,PT,1540090800,88,37.72,-25.43,66.2,14.99
463,tabou,0,CI,1540091828,100,4.42,-7.36,80.65,5.17
464,shimoda,0,JP,1540087200,40,34.7,138.93,68.0,19.46
465,the valley,20,AI,1540087200,74,18.22,-63.06,80.6,10.29
466,le pradet,0,FR,1540090800,93,46.44,1.83,44.6,3.36
467,strezhevoy,90,RU,1540089000,88,60.73,77.6,32.0,8.95
468,kwekwe,32,ZW,1540091830,84,-18.93,29.81,56.98,17.58
469,tucurui,88,BR,1540091831,100,-3.77,-49.67,72.73,2.59
470,oudtshoorn,0,ZA,1540087200,81,-33.59,22.2,46.4,9.17
471,taksimo,88,RU,1540091831,77,56.36,114.84,31.64,2.59
472,nisia floresta,0,BR,1540090800,78,-6.09,-35.21,77.0,5.82
473,panambi,0,BR,1540091746,77,-28.29,-53.5,57.7,13.0
474,letlhakane,0,BW,1540091832,75,-21.42,25.59,59.81,26.53
475,najran,40,SA,1540087200,72,17.54,44.22,68.0,5.06
476,bunbury,75,GB,1540090200,93,53.12,-2.65,50.0,3.36
477,san cristobal,20,EC,1540087200,81,-0.39,-78.55,51.8,8.05
478,riyadh,0,SA,1540087200,82,24.63,46.72,68.0,9.17
479,carutapera,12,BR,1540091834,87,-1.2,-46.02,78.58,7.07
480,vao,64,EE,1540091834,92,59.1,26.19,43.07,4.61
481,tulum,75,MX,1540086300,94,20.21,-87.46,77.0,3.27
482,york,68,GB,1540090200,87,53.96,-1.08,53.6,5.82
483,saint anthony,1,US,1540086960,48,43.97,-111.68,48.2,4.7
484,coquimbo,0,CL,1540087200,81,-29.95,-71.34,53.6,3.36
485,rosarito,40,CO,1540087200,100,4.91,-75.23,69.8,4.7
486,harstad,92,NO,1540090200,81,68.8,16.53,46.4,12.75
487,prince rupert,75,CA,1540087200,87,54.32,-130.32,48.2,4.7
488,edinburgh,20,GB,1540090200,87,55.95,-3.19,59.0,11.41
489,zamosc,80,PL,1540091837,78,50.72,23.25,44.47,7.85
490,duki,0,PK,1540091838,23,30.15,68.58,54.59,5.06
491,selenginsk,75,RU,1540089000,80,52.01,106.87,39.2,6.71
492,llanelli,0,GB,1540090200,100,51.68,-4.16,50.0,3.36
493,montecristo,80,CO,1540091839,100,8.3,-74.47,72.86,1.36
494,adeje,100,NG,1540091840,91,5.68,5.76,77.27,7.07
495,rocky mountain house,0,CA,1540091841,90,52.38,-114.92,36.37,2.59
496,beinamar,0,TD,1540091841,80,8.67,15.38,68.23,2.71
497,ambon,0,FR,1540090800,81,47.55,-2.56,50.0,6.93
498,suriapet,24,IN,1540091842,66,17.15,79.62,81.41,4.38
499,kadoma,8,ZW,1540091842,74,-18.34,29.91,61.07,16.58
500,jesup,1,US,1540090500,83,31.61,-81.89,73.4,5.84
501,buraydah,75,SA,1540087200,100,26.33,43.97,68.0,5.82
502,faanui,12,PF,1540091844,100,-16.48,-151.75,81.37,5.61
503,fairbanks,90,US,1540090680,93,64.84,-147.72,35.6,3.36
504,ariquemes,44,BR,1540091846,95,-9.91,-63.03,73.9,1.92
505,cacheu,24,GW,1540091847,83,12.27,-16.16,81.14,7.96
506,kilis,75,TR,1540090920,93,36.72,37.12,57.2,4.7
507,gambela,68,ET,1540091847,91,8.25,34.59,60.71,2.59
508,cidreira,56,BR,1540091848,86,-30.17,-50.22,59.36,6.73
509,san quintin,20,PH,1540087200,52,17.54,120.52,89.6,4.7
510,sirohi,0,IN,1540091848,39,24.89,72.86,76.46,2.48
511,mudgee,0,AU,1540091849,87,-32.6,149.59,63.73,8.75
512,biltine,0,TD,1540091263,16,14.53,20.93,69.26,10.98
513,hirara,40,JP,1540087200,61,24.8,125.28,77.0,12.75
514,kropotkin,12,RU,1540091849,87,45.43,40.58,50.63,2.15
515,kwinana,75,AU,1540090800,77,-32.25,115.77,66.2,13.87
516,khash,0,IR,1540091850,66,28.22,61.21,45.95,2.48
517,puerto escondido,90,MX,1540086300,69,15.86,-97.07,75.2,0.92
518,edson,1,CA,1540090800,30,53.59,-116.44,42.8,5.82
519,rorvik,92,NO,1540091805,100,64.86,11.24,50.36,21.5
520,acapulco,90,MX,1540086780,94,16.86,-99.88,75.2,3.36
521,gamba,0,CN,1540091851,56,28.28,88.52,18.77,2.59
522,slonim,36,BY,1540091852,90,53.09,25.32,36.28,8.52
523,laguna,75,MX,1540086300,42,27.52,-110.01,82.4,4.7
524,usingen,0,DE,1540090200,87,50.33,8.54,42.8,4.7
525,aqtobe,75,KZ,1540089000,69,50.28,57.21,37.4,4.47
526,rundu,0,NA,1540091853,46,-17.91,19.77,66.02,3.94
527,axim,0,GH,1540091853,100,4.87,-2.24,80.06,8.52
528,aswan,0,EG,1540091854,81,24.09,32.9,62.06,2.82
529,olinda,0,EC,1540087200,73,-2.03,-79.75,75.2,14.99
530,carinhanha,92,BR,1540091854,98,-14.3,-43.77,70.88,7.96
531,nybro,0,SE,1540090200,100,56.75,15.91,30.2,2.24
532,polyarnyye zori,88,RU,1540091855,100,67.37,32.5,33.17,3.6
533,dukat,88,RS,1540091855,93,42.44,22.31,46.76,0.58
534,savelugu,8,GH,1540091856,61,9.63,-0.83,70.93,2.37
535,vilyuysk,76,RU,1540091856,80,63.75,121.63,30.11,4.94
536,ellwangen,48,DE,1540090200,93,47.98,9.94,51.8,5.82
537,xam nua,8,LA,1540091856,79,20.42,104.04,74.75,2.48
538,dagda,12,LV,1540091857,74,56.09,27.54,27.55,2.71
539,sandila,0,IN,1540089000,65,27.06,80.51,77.0,4.16
